Workbook

Sheet Bug Report
A1: BUG REPORT — Yuzu Asian Kitchen Website
A2: Site: yuzuasiankitchen.orderss.co.il | Tester: Denis | Environment: Chrome 125 / Windows 11
A3: Bug ID | B3: Title | C3: Module | D3: Severity | E3: Priority | F3: Status | G3: STR (Steps to Reproduce) | H3: Expected Result | I3: Actual Result | J3: Environment | K3: Screenshot | L3: Attachments
A4: BUG-001 | B4: No limit on quantity of paid add-ons | C4: Menu | D4: High | E4: High | F4: Open | G4: 1. Open a product page 2. Find the paid add-ons section 3. Click '+' repeatedly (10+ times) | H4: The system limits the quantity or shows a warning | I4: An unlimited quantity of paid add-ons can be added — no limit is enforced | J4: Chrome 125 / Win11 | K4: No
A5: BUG-002 | B5: Adding the same product twice creates a duplicate cart line instead of increasing quantity | C5: Cart | D5: High | E5: High | F5: Open | G5: 1. Add product X to the cart 2. Return to the menu 3. Add the same product X again | H5: The quantity of product X should increase (1→2) as a single cart line | I5: A new separate line is created for the same product. Reproducible on all products | J5: Chrome 125 / Win11 | K5: No
A6: BUG-003 | B6: Cart quantity field is non-interactive / cannot be changed | C6: Cart | D6: Medium | E6: Medium | F6: Open | G6: 1. Add a product to the cart 2. Open the cart panel 3. Try to click/interact with the "Quantity: 1" label to change the quantity | H6: The quantity field should be interactive (e.g. +/- buttons or an editable field), allowing the user to adjust quantity directly from the cart | I6: The quantity field is a static label with no interactive controls — quantity cannot be changed directly from the cart | J6: Chrome 125 / Win11 | K6: No
A7: BUG-004 | B7: Site logo shown instead of product image in "Edit Product" modal | C7: Cart | D7: Medium | E7: Medium | F7: Open | G7: 1. Add a product to the cart 2. Open the cart panel 3. Click "Edit Product" (עדכן/י מוצר) on any item | H7: The modal displays the actual product image | I7: The Yuzu Asian Kitchen site logo is displayed instead of the product image. Reproducible on all products | J7: Chrome 125 / Win11 | K7: No
A8: BUG-005 | B8: Privacy Policy page content remains in Hebrew regardless of selected language | C8: Localization | D8: Medium | E8: Medium | F8: Open | G8: 1. Open the site and switch language to each of: Russian, English, French, Spanish, Arabic 2. Open the "Privacy Policy" page in the footer for each language | H8: Page content is displayed in the selected site language | I8: The page title is translated, but the body text remains entirely in Hebrew. Reproduced in all 5 tested languages (RU/EN/FR/ES/AR). Affected scope: Reproduced identically on both tested branches (Haifa and Rishon LeZion). Indicates a platform-level defect in the orderss.co.il ordering engine, not a per-branch content configuration issue. | J8: Chrome 125 / Win11 | K8: No
A9: BUG-006 | B9: Return Policy page content remains in Hebrew regardless of selected language | C9: Localization | D9: Medium | E9: Medium | F9: Open | G9: 1. Open the site and switch language to each of: Russian, English, French, Spanish, Arabic 2. Open the "Return Policy" page in the footer for each language | H9: Page content is displayed in the selected site language | I9: The page title is translated, but the body text remains entirely in Hebrew. Reproduced in all 5 tested languages (RU/EN/FR/ES/AR). Affected scope: Reproduced identically on both tested branches (Haifa and Rishon LeZion). Indicates a platform-level defect in the orderss.co.il ordering engine, not a per-branch content configuration issue. | J9: Chrome 125 / Win11 | K9: No
A10: BUG-007 | B10: Terms & Conditions page content remains in Hebrew regardless of selected language | C10: Localization | D10: Medium | E10: Medium | F10: Open | G10: 1. Open the site and switch language to each of: Russian, English, French, Spanish, Arabic 2. Open the "Terms & Conditions" page in the footer for each language | H10: Page content is displayed in the selected site language | I10: The page title is translated, but the body text remains entirely in Hebrew. Reproduced in all 5 tested languages (RU/EN/FR/ES/AR). Affected scope: Reproduced identically on both tested branches (Haifa and Rishon LeZion). Indicates a platform-level defect in the orderss.co.il ordering engine, not a per-branch content configuration issue. | J10: Chrome 125 / Win11 | K10: No
A11: BUG-008 | B11: Accessibility page content remains in Hebrew regardless of selected language | C11: Localization | D11: Medium | E11: Medium | F11: Open | G11: 1. Open the site and switch language to each of: Russian, English, French, Spanish, Arabic 2. Open the "Accessibility" page in the footer for each language | H11: Page content is displayed in the selected site language | I11: The page title is translated, but the body text remains entirely in Hebrew. Reproduced in all 5 tested languages (RU/EN/FR/ES/AR). Affected scope: Reproduced identically on both tested branches (Haifa and Rishon LeZion). Indicates a platform-level defect in the orderss.co.il ordering engine, not a per-branch content configuration issue. | J11: Chrome 125 / Win11 | K11: No
A12: BUG-009 | B12: Facebook Pixel fires 'AddToCart' event even though item is not added to cart | C12: Analytics | D12: Medium | E12: Medium | F12: Open | G12: 1. Open the site while the branch status banner shows it is closed 2. Click '+ הוסף' (Add) on any product, e.g. Edamame 3. Observe the cart panel and Network tab | H12: Either the item is added to the cart, or the user sees a clear message explaining ordering is unavailable while the branch is closed. No conversion event should fire for an action that did not succeed. | I12: Cart stays empty, no message is shown to the user, but a Facebook Pixel 'AddToCart' request is sent to facebook.com/tr with ev=AddToCart | J12: Chrome 125 / Win11 | K12: No
A13: BUG-010 | B13: Poor background/text contrast in header area across the entire site makes navigation text unreadable | C13: UI/Design | D13: Medium | E13: Medium | F13: Open | G13: 1. Open the site 2. Observe the top-left and top-right corners of the header on any page | H13: The cherry blossom background image does not interfere with readability; all header/navigation text has sufficient contrast | I13: The decorative cherry blossom background blends with the navigation/menu text in the top-left and top-right corners of the header. Reproducible sitewide | J13: Chrome 125 / Win11 | K13: No
A14: BUG-011 | B14: Search returns incomplete results for exact category-matching keywords, across languages | C14: Search | D14: High | E14: High | F14: Open | G14: 1. (Hebrew) Search "סלמון" (Salmon) — 6 confirmed matching products exist 2. (English) Switch to English, open "California Rolls", search "California" | H14: Search should return all products whose name contains the searched term, regardless of selected site language | I14: Hebrew: only 1 of 6 matching products shown. English: 0 of 4+ matching products shown. Confirmed broken across multiple keywords, categories, and languages — systemic indexing/matching issue | J14: Chrome 125 / Win11 | K14: No
A15: BUG-012 | B15: Declining the drink upsell modal (✕) deletes the entire cart, including the already-confirmed order | C15: Cart | D15: Critical | E15: Highest | F15: Open | G15: 1. Open the site (branch open) 2. Click '+ הוסף' on any product with add-ons (e.g. Tom Yam Soup, ₪64.00) 3. Confirm the sauce modal with 'הוסף לסל' — cart correctly shows 1 item 4. Drink upsell modal appears automatically 5. Click ✕ to decline (no separate 'No thanks' button exists) | H15: Declining the drink upsell should only skip the drink — the already-confirmed item should remain in the cart | I15: The entire cart is wiped — resets to 0 items, ₪0.00. The confirmed order is silently lost with no warning or undo. Reproduced twice, cleanly. Business impact: most users will decline the drink upsell — a large share of orders could be silently destroyed at the final step before payment. | J15: Chrome 125 / Win11 | K15: No
... A19: BUG-016 | B19: Customer name field has no input validation — digits and HTML markup are accepted, persisted, and rendered in the UI | C19: Checkout | D19: Medium | E19: Medium | F19: Open | G19: 1. Proceed to checkout/registration, enter a name containing digits (e.g. "d1nis k02ndratiev") and submit 2. Repeat with a value containing HTML markup (e.g. "Denis<script>alert(1)</script>") 3. Fill remaining required fields, accept terms, submit 4. After SMS verification, observe the greeting in the site header | H19: The name field rejects digits and markup characters ("<", ">", "/") with a clear validation message, accepting only letters, spaces, hyphens and apostrophes. Invalid input blocks progression to SMS verification | I19: Neither value is rejected; no validation message; flow proceeds to SMS verification. The markup value is stored on the account and rendered back in the header greeting. Note: markup is rendered as escaped text and does not execute — output encoding is applied correctly, so this is an input-validation/data-integrity defect, not a confirmed script-injection vulnerability. Validation is inconsistent: phone enforces country-code formatting, name enforces nothing. Related: BUG-015. Reproduced on both tested branches (Haifa and Rishon LeZion). | J19: Chrome 125 / Win11 | K19: No

Sheet Summary
A1: BUG SUMMARY — Yuzu Asian Kitchen
A3: STATISTICS BY SEVERITY | E3: STATISTICS BY MODULE
A4: Severity | B4: Count | C4: % of Total | E4: Module | F4: Count | G4: % of Total
A5: Critical | B5: =COUNTIF('Bug Report'!$D$4:$D$200,A5) -> 1 | C5: =B5/B10 -> 0.0625 | E5: Menu | F5: =COUNTIF('Bug Report'!$C$4:$C$200,E5) -> 1 | G5: =F5/F11 -> 0.0625
A6: High | B6: =COUNTIF('Bug Report'!$D$4:$D$200,A6) -> 3 | C6: =B6/B10 -> 0.1875 | E6: Cart | F6: =COUNTIF('Bug Report'!$C$4:$C$200,E6) -> 5 | G6: =F6/F11 -> 0.3125
A7: Medium | B7: =COUNTIF('Bug Report'!$D$4:$D$200,A7) -> 12 | C7: =B7/B10 -> 0.75 | E7: Footer | F7: =COUNTIF('Bug Report'!$C$4:$C$200,E7) -> 0 | G7: =F7/F11 -> 0
A8: Low | B8: =COUNTIF('Bug Report'!$D$4:$D$200,A8) -> 0 | C8: =B8/B10 -> 0 | E8: UI/Design | F8: =COUNTIF('Bug Report'!$C$4:$C$200,E8) -> 1 | G8: =F8/F11 -> 0.0625
E9: Analytics | F9: =COUNTIF('Bug Report'!$C$4:$C$200,E9) -> 1 | G9: =F9/F11 -> 0.0625
A10: TOTAL | B10: =SUM(B5:B8) -> 16 | C10: 100% | E10: Localization | F10: =COUNTIF('Bug Report'!$C$4:$C$200,E10) -> 4 | G10: =F10/F11 -> 0.25
E11: TOTAL | F11: =SUM(F5:F10)+F12+F13 -> 16 | G11: =F11/F11 -> 1
A12: BUG STATUS | E12: Search | F12: =COUNTIF('Bug Report'!$C$4:$C$200,E12) -> 1 | G12: =F12/F11 -> 0.0625
A13: Status | B13: Count | C13: % of Total | E13: Checkout | F13: =COUNTIF('Bug Report'!$C$4:$C$200,E13) -> 3 | G13: =F13/F11 -> 0.1875
A14: Open | B14: =COUNTIF('Bug Report'!$F$4:$F$200,A14) -> 16 | C14: =B14/B18 -> 1
A15: In Progress | B15: =COUNTIF('Bug Report'!$F$4:$F$200,A15) -> 0 | C15: =B15/B18 -> 0
A16: Fixed | B16: =COUNTIF('Bug Report'!$F$4:$F$200,A16) -> 0 | C16: =B16/B18 -> 0
A17: Closed | B17: =COUNTIF('Bug Report'!$F$4:$F$200,A17) -> 0 | C17: =B17/B18 -> 0
A18: TOTAL | B18: =SUM(B14:B17) -> 16 | C18: 100%
A20: LEGEND
A21: Critical | B21: System does not work / data loss
A22: High | B22: Core function is broken
A23: Medium | B23: Function works incorrectly
A24: Low | B24: Cosmetic defect / inconvenience
